{
  "urls": [
    "ch1.ogg",
    "ch1.m4a"
  ],
  "sprite": {
    "silence": [
      0,
      1000,
      true
    ],
    "CardFlip": [
      1050,
      607.1201814058958
    ],
    "ChooseSuit": [
      2100,
      2389.342403628118
    ]
  }
}