{
  "urls": [
    "ch14.ogg",
    "ch14.m4a"
  ],
  "sprite": {
    "silence": [
      0,
      1000,
      true
    ],
    "BetDown": [
      1050,
      1473.0839002267574
    ],
    "BetUp": [
      3100,
      1276.1451247165537
    ],
    "LuckyHandTransition": [
      5150,
      1697.3469387755104
    ],
    "PrizeHandMatch": [
      7200,
      1799.9999999999998
    ],
    "SuitMatch": [
      9250,
      2838.1632653061215
    ]
  }
}