{
  "urls": [
    "ch15.ogg",
    "ch15.m4a"
  ],
  "sprite": {
    "silence": [
      0,
      1000,
      true
    ],
    "BetDown": [
      1050,
      1473.0839002267574
    ],
    "BetUp": [
      3100,
      1276.1451247165537
    ],
    "LuckyHandCardMatch": [
      5150,
      2382.3809523809523
    ],
    "PrizeHandMatch": [
      8200.000000000002,
      1800.0000000000007
    ],
    "SuitMatch": [
      10250.000000000002,
      2838.1632653061233
    ]
  }
}