{
  "urls": [
    "ch16.ogg",
    "ch16.m4a"
  ],
  "sprite": {
    "silence": [
      0,
      1000,
      true
    ],
    "BetMax": [
      1050,
      2877.6417233560096
    ],
    "LuckyHandCardMatch": [
      4100.000000000001,
      2382.3809523809523
    ],
    "PrizeHandMatch": [
      7150,
      1800.0000000000007
    ],
    "SuitMatch": [
      9200.000000000002,
      2838.1632653061233
    ]
  }
}