{
  "urls": [
    "ch17.ogg",
    "ch17.m4a"
  ],
  "sprite": {
    "silence": [
      0,
      1000,
      true
    ],
    "LuckyHandCardMatch": [
      1050,
      2382.3809523809523
    ],
    "PrizeHandMatch": [
      4100,
      1799.9999999999998
    ],
    "SuitMatch": [
      6149.999999999999,
      2838.1632653061224
    ]
  }
}