{
  "urls": [
    "ch2.ogg",
    "ch2.m4a"
  ],
  "sprite": {
    "silence": [
      0,
      1000,
      true
    ],
    "BuyButton": [
      1050,
      2546.371882086168
    ],
    "CardFlip": [
      4100.000000000001,
      607.1201814058958
    ]
  }
}