{
  "urls": [
    "ch22.ogg",
    "ch22.m4a"
  ],
  "sprite": {
    "silence": [
      0,
      1000,
      true
    ],
    "5CardFlip": [
      1050,
      1840.9523809523812
    ],
    "LuckyHandWin": [
      3100,
      3584.0362811791383
    ],
    "SuitMatch": [
      7150,
      2838.1632653061233
    ]
  }
}