{
  "urls": [
    "ch25.ogg",
    "ch25.m4a"
  ],
  "sprite": {
    "silence": [
      0,
      1000,
      true
    ],
    "5CardFlip": [
      1050,
      1840.9523809523812
    ],
    "PrizeChime_1": [
      3100,
      1777.256235827664
    ]
  }
}