{
  "urls": [
    "ch26.ogg",
    "ch26.m4a"
  ],
  "sprite": {
    "silence": [
      0,
      1000,
      true
    ],
    "GoldenChip": [
      1050,
      2440.136054421769
    ],
    "PrizeChime_2": [
      4100.000000000001,
      1200.0000000000002
    ]
  }
}