{
  "urls": [
    "ch27.ogg",
    "ch27.m4a"
  ],
  "sprite": {
    "silence": [
      0,
      1000,
      true
    ],
    "PrizeChime_3": [
      1050,
      1323.310657596372
    ],
    "Transition": [
      3100.0000000000005,
      3174.671201814059
    ]
  }
}